-- phpMyAdmin SQL Dump
-- version 3.5.1
-- http://www.phpmyadmin.net
--
-- Host: localhost
-- Generation Time: Aug 19, 2015 at 05:07 PM
-- Server version: 5.5.24-log
-- PHP Version: 5.4.3

SET SQL_MODE="NO_AUTO_VALUE_ON_ZERO";
SET time_zone = "+00:00";


/*!40101 SET @OLD_CHARACTER_SET_CLIENT=@@CHARACTER_SET_CLIENT */;
/*!40101 SET @OLD_CHARACTER_SET_RESULTS=@@CHARACTER_SET_RESULTS */;
/*!40101 SET @OLD_COLLATION_CONNECTION=@@COLLATION_CONNECTION */;
/*!40101 SET NAMES utf8 */;

--
-- Database: `schedule_poll`
--

-- --------------------------------------------------------

--
-- Table structure for table `accounts`
--

CREATE TABLE IF NOT EXISTS `accounts` (
  `id` int(11) NOT NULL AUTO_INCREMENT,
  `email` varchar(255) NOT NULL,
  `password` varchar(255) NOT NULL,
  `first_name` varchar(255) NOT NULL,
  `last_name` varchar(255) NOT NULL,
  `activated` tinyint(1) NOT NULL,
  PRIMARY KEY (`id`)
) ENGINE=InnoDB  DEFAULT CHARSET=latin1 AUTO_INCREMENT=8 ;

--
-- Dumping data for table `accounts`
--

INSERT INTO `accounts` (`id`, `email`, `password`, `first_name`, `last_name`, `activated`) VALUES
(6, 'raphaelchang1227@gmail.com', '$2a$08$7VBPM18cf8S6HTvDXmxlmuWYLNjs07cGC80kT6fwFl3e92FQ2vamq', 'Raphael', 'Chang', 1),
(7, 'raphc@mit.edu', '$2a$08$lA2VplnUG9iGzrLV4zINAOL.m/tvLCwARjCP9HXx44yVJ/kTyKhr2', 'Raph', 'Chang', 1);

-- --------------------------------------------------------

--
-- Table structure for table `activation_keys`
--

CREATE TABLE IF NOT EXISTS `activation_keys` (
  `key` varchar(255) NOT NULL,
  `user_id` int(11) NOT NULL,
  PRIMARY KEY (`key`)
) ENGINE=InnoDB DEFAULT CHARSET=latin1;

-- --------------------------------------------------------

--
-- Table structure for table `comments`
--

CREATE TABLE IF NOT EXISTS `comments` (
  `name` varchar(255) NOT NULL,
  `content` longtext NOT NULL,
  `timestamp` timestamp NOT NULL DEFAULT CURRENT_TIMESTAMP,
  `event_id` int(11) NOT NULL
) ENGINE=InnoDB DEFAULT CHARSET=latin1;

--
-- Dumping data for table `comments`
--

INSERT INTO `comments` (`name`, `content`, `timestamp`, `event_id`) VALUES
('Raphael', 'When', '2015-07-23 19:29:28', 13),
('Raphael', 'When is this going to happen', '2015-07-23 19:30:01', 13),
('Srinjoy', 'Hi', '2015-07-23 19:38:13', 13),
('Raphael', 'Next Friday looks good', '2015-07-23 19:38:44', 13),
('Raphael', 'yay', '2015-07-23 21:13:45', 12),
('Raphael Chang', 'Hi', '2015-07-25 20:40:06', 12),
('Raphael Chang', 'Hello :)', '2015-07-26 05:36:10', 23),
('Raphael Chang', 'Yay!', '2015-07-26 08:18:02', 26),
('Raphael Chang', 'Hi other me', '2015-07-26 08:18:09', 26),
('Raphael Chang', 'Hi', '2015-07-26 19:17:44', 25),
('Raphael Chang', 'Bye', '2015-07-26 19:18:16', 26),
('Raph Chang', 'So...?', '2015-07-27 08:16:23', 23);

-- --------------------------------------------------------

--
-- Table structure for table `events`
--

CREATE TABLE IF NOT EXISTS `events` (
  `id` int(11) NOT NULL AUTO_INCREMENT,
  `hash_code` varchar(255) NOT NULL,
  `name` mediumtext NOT NULL,
  `range_start` datetime NOT NULL,
  `range_end` datetime NOT NULL,
  `description` longtext NOT NULL,
  `type` varchar(255) NOT NULL DEFAULT 'open',
  `account` int(11) NOT NULL DEFAULT '0',
  `public` tinyint(1) NOT NULL DEFAULT '1',
  `hidden` tinyint(1) NOT NULL,
  PRIMARY KEY (`id`),
  UNIQUE KEY `hash_code` (`hash_code`),
  UNIQUE KEY `hash_code_2` (`hash_code`)
) ENGINE=InnoDB  DEFAULT CHARSET=latin1 AUTO_INCREMENT=27 ;

--
-- Dumping data for table `events`
--

INSERT INTO `events` (`id`, `hash_code`, `name`, `range_start`, `range_end`, `description`, `type`, `account`, `public`, `hidden`) VALUES
(11, '466e93e0', 'Test', '2015-07-24 00:00:00', '2015-08-24 23:59:00', '', 'open', 0, 1, 0),
(12, '8a66a21d', 'Yosemite', '2015-08-01 00:00:00', '2015-08-31 23:59:00', 'Yosemite in August!', 'open', 6, 1, 0),
(13, '76cab535', 'Officer Handoff Meeting', '2015-07-23 00:00:00', '2015-08-16 23:59:00', 'Meeting to teach stuff', 'open', 0, 1, 0),
(19, '7473d83d319c11e5', 'New', '1970-01-01 00:00:00', '2038-01-19 03:14:07', 'test', 'centered', 0, 1, 0),
(20, 'bb8bb0a4331711e5', 'Meeting', '1970-01-01 00:00:00', '2038-01-19 03:14:07', 'My meeting.', 'centered', 6, 1, 0),
(22, 'b381636a332211e5', 'My Meeting', '1970-01-01 00:00:00', '2038-01-19 03:14:07', 'My other meeting', 'centered', 6, 1, 0),
(23, 'd01bf632335711e5', 'My Private Event', '2015-07-08 00:00:00', '2015-07-31 23:59:00', ';)', 'open', 6, 0, 1),
(25, 'b40655c6336a11e5', 'My Meeting', '1970-01-01 00:00:00', '2038-01-19 03:14:07', 'My other other meeting', 'centered', 6, 0, 0),
(26, '711ed741336e11e5', 'My First Event', '1970-01-01 00:00:00', '2038-01-19 03:14:07', 'Hello!', 'centered', 7, 0, 1);

-- --------------------------------------------------------

--
-- Table structure for table `event_intervals`
--

CREATE TABLE IF NOT EXISTS `event_intervals` (
  `event_id` int(11) NOT NULL,
  `user_id` int(11) NOT NULL,
  `range_start` datetime NOT NULL,
  `range_end` datetime NOT NULL,
  `maybe` tinyint(1) NOT NULL
) ENGINE=InnoDB DEFAULT CHARSET=latin1;

--
-- Dumping data for table `event_intervals`
--

INSERT INTO `event_intervals` (`event_id`, `user_id`, `range_start`, `range_end`, `maybe`) VALUES
(11, 7, '2015-07-24 17:30:00', '2015-07-24 19:00:00', 0),
(11, 9, '2015-07-24 17:30:00', '2015-07-24 19:00:00', 0),
(11, 7, '2015-07-24 19:00:00', '2015-07-24 20:30:00', 0),
(11, 13, '2015-07-25 00:00:00', '2015-07-25 17:30:00', 0),
(11, 9, '2015-07-25 17:30:00', '2015-07-25 19:00:00', 0),
(11, 13, '2015-07-25 17:30:00', '2015-07-25 19:00:00', 0),
(11, 13, '2015-07-26 00:00:00', '2015-07-26 17:30:00', 0),
(11, 9, '2015-07-26 17:30:00', '2015-07-26 19:00:00', 0),
(11, 13, '2015-07-26 17:30:00', '2015-07-26 19:00:00', 0),
(11, 7, '2015-07-27 17:30:00', '2015-07-27 19:00:00', 0),
(11, 9, '2015-07-27 17:30:00', '2015-07-27 19:00:00', 0),
(11, 7, '2015-07-27 19:00:00', '2015-07-27 20:30:00', 0),
(11, 9, '2015-07-28 17:30:00', '2015-07-28 19:00:00', 0),
(11, 8, '2015-07-29 00:00:00', '2015-07-29 17:30:00', 0),
(11, 9, '2015-07-29 17:30:00', '2015-07-29 19:00:00', 0),
(11, 8, '2015-07-29 17:30:00', '2015-07-29 19:00:00', 0),
(11, 8, '2015-07-29 19:00:00', '2015-07-30 17:30:00', 0),
(11, 9, '2015-07-30 17:30:00', '2015-07-30 19:00:00', 0),
(11, 8, '2015-07-30 17:30:00', '2015-07-30 19:00:00', 0),
(11, 8, '2015-07-30 19:00:00', '2015-07-31 17:30:00', 0),
(11, 7, '2015-07-31 17:30:00', '2015-07-31 19:00:00', 0),
(11, 9, '2015-07-31 17:30:00', '2015-07-31 19:00:00', 0),
(11, 8, '2015-07-31 17:30:00', '2015-07-31 19:00:00', 0),
(11, 7, '2015-07-31 19:00:00', '2015-07-31 20:30:00', 0),
(11, 8, '2015-07-31 19:00:00', '2015-07-31 20:30:00', 0),
(11, 8, '2015-07-31 20:30:00', '2015-08-01 00:00:00', 0),
(11, 13, '2015-08-01 00:00:00', '2015-08-01 17:30:00', 0),
(11, 8, '2015-08-01 00:00:00', '2015-08-01 17:30:00', 0),
(11, 9, '2015-08-01 17:30:00', '2015-08-01 19:00:00', 0),
(11, 13, '2015-08-01 17:30:00', '2015-08-01 19:00:00', 0),
(11, 8, '2015-08-01 17:30:00', '2015-08-01 19:00:00', 0),
(11, 8, '2015-08-01 19:00:00', '2015-08-02 00:00:00', 0),
(11, 13, '2015-08-02 00:00:00', '2015-08-02 17:30:00', 0),
(11, 8, '2015-08-02 00:00:00', '2015-08-02 17:30:00', 0),
(11, 9, '2015-08-02 17:30:00', '2015-08-02 19:00:00', 0),
(11, 13, '2015-08-02 17:30:00', '2015-08-02 19:00:00', 0),
(11, 8, '2015-08-02 17:30:00', '2015-08-02 19:00:00', 0),
(11, 8, '2015-08-02 19:00:00', '2015-08-03 17:30:00', 0),
(11, 7, '2015-08-03 17:30:00', '2015-08-03 19:00:00', 0),
(11, 9, '2015-08-03 17:30:00', '2015-08-03 19:00:00', 0),
(11, 8, '2015-08-03 17:30:00', '2015-08-03 19:00:00', 0),
(11, 7, '2015-08-03 19:00:00', '2015-08-03 20:30:00', 0),
(11, 8, '2015-08-03 19:00:00', '2015-08-03 20:30:00', 0),
(11, 8, '2015-08-03 20:30:00', '2015-08-04 17:30:00', 0),
(11, 9, '2015-08-04 17:30:00', '2015-08-04 19:00:00', 0),
(11, 8, '2015-08-04 17:30:00', '2015-08-04 19:00:00', 0),
(11, 8, '2015-08-04 19:00:00', '2015-08-05 17:30:00', 0),
(11, 9, '2015-08-05 17:30:00', '2015-08-05 19:00:00', 0),
(11, 8, '2015-08-05 17:30:00', '2015-08-05 19:00:00', 0),
(11, 8, '2015-08-05 19:00:00', '2015-08-06 17:30:00', 0),
(11, 9, '2015-08-06 17:30:00', '2015-08-06 19:00:00', 0),
(11, 8, '2015-08-06 17:30:00', '2015-08-06 19:00:00', 0),
(11, 8, '2015-08-06 19:00:00', '2015-08-07 17:30:00', 0),
(11, 7, '2015-08-07 17:30:00', '2015-08-07 19:00:00', 0),
(11, 9, '2015-08-07 17:30:00', '2015-08-07 19:00:00', 0),
(11, 8, '2015-08-07 17:30:00', '2015-08-07 19:00:00', 0),
(11, 7, '2015-08-07 19:00:00', '2015-08-07 20:30:00', 0),
(11, 8, '2015-08-07 19:00:00', '2015-08-07 20:30:00', 0),
(11, 8, '2015-08-07 20:30:00', '2015-08-08 00:00:00', 0),
(11, 13, '2015-08-08 00:00:00', '2015-08-08 17:30:00', 0),
(11, 8, '2015-08-08 00:00:00', '2015-08-08 17:30:00', 0),
(11, 9, '2015-08-08 17:30:00', '2015-08-08 19:00:00', 0),
(11, 13, '2015-08-08 17:30:00', '2015-08-08 19:00:00', 0),
(11, 8, '2015-08-08 17:30:00', '2015-08-08 19:00:00', 0),
(11, 8, '2015-08-08 19:00:00', '2015-08-09 00:00:00', 0),
(11, 13, '2015-08-09 00:00:00', '2015-08-09 17:30:00', 0),
(11, 8, '2015-08-09 00:00:00', '2015-08-09 17:30:00', 0),
(11, 9, '2015-08-09 17:30:00', '2015-08-09 19:00:00', 0),
(11, 13, '2015-08-09 17:30:00', '2015-08-09 19:00:00', 0),
(11, 8, '2015-08-09 17:30:00', '2015-08-09 19:00:00', 0),
(11, 8, '2015-08-09 19:00:00', '2015-08-10 17:30:00', 0),
(11, 7, '2015-08-10 17:30:00', '2015-08-10 19:00:00', 0),
(11, 9, '2015-08-10 17:30:00', '2015-08-10 19:00:00', 0),
(11, 8, '2015-08-10 17:30:00', '2015-08-10 19:00:00', 0),
(11, 7, '2015-08-10 19:00:00', '2015-08-10 20:30:00', 0),
(11, 8, '2015-08-10 19:00:00', '2015-08-10 20:30:00', 0),
(11, 8, '2015-08-10 20:30:00', '2015-08-11 17:30:00', 0),
(11, 9, '2015-08-11 17:30:00', '2015-08-11 19:00:00', 0),
(11, 8, '2015-08-11 17:30:00', '2015-08-11 19:00:00', 0),
(11, 8, '2015-08-11 19:00:00', '2015-08-12 17:30:00', 0),
(11, 9, '2015-08-12 17:30:00', '2015-08-12 19:00:00', 0),
(11, 8, '2015-08-12 17:30:00', '2015-08-12 19:00:00', 0),
(11, 8, '2015-08-12 19:00:00', '2015-08-13 17:30:00', 0),
(11, 9, '2015-08-13 17:30:00', '2015-08-13 19:00:00', 0),
(11, 8, '2015-08-13 17:30:00', '2015-08-13 19:00:00', 0),
(11, 8, '2015-08-13 19:00:00', '2015-08-14 17:30:00', 0),
(11, 7, '2015-08-14 17:30:00', '2015-08-14 19:00:00', 0),
(11, 9, '2015-08-14 17:30:00', '2015-08-14 19:00:00', 0),
(11, 8, '2015-08-14 17:30:00', '2015-08-14 19:00:00', 0),
(11, 7, '2015-08-14 19:00:00', '2015-08-14 20:30:00', 0),
(11, 8, '2015-08-14 19:00:00', '2015-08-14 20:30:00', 0),
(11, 8, '2015-08-14 20:30:00', '2015-08-15 00:00:00', 0),
(11, 13, '2015-08-15 00:00:00', '2015-08-15 17:30:00', 0),
(11, 9, '2015-08-15 17:30:00', '2015-08-15 19:00:00', 0),
(11, 13, '2015-08-15 17:30:00', '2015-08-15 19:00:00', 0),
(11, 13, '2015-08-16 00:00:00', '2015-08-16 17:30:00', 0),
(11, 9, '2015-08-16 17:30:00', '2015-08-16 19:00:00', 0),
(11, 13, '2015-08-16 17:30:00', '2015-08-16 19:00:00', 0),
(11, 9, '2015-08-17 17:30:00', '2015-08-17 19:00:00', 0),
(11, 9, '2015-08-18 17:30:00', '2015-08-18 19:00:00', 0),
(11, 9, '2015-08-19 17:30:00', '2015-08-19 19:00:00', 0),
(11, 9, '2015-08-20 17:30:00', '2015-08-20 19:00:00', 0),
(11, 9, '2015-08-21 17:30:00', '2015-08-21 19:00:00', 0),
(11, 13, '2015-08-22 00:00:00', '2015-08-22 17:30:00', 0),
(11, 9, '2015-08-22 17:30:00', '2015-08-22 19:00:00', 0),
(11, 13, '2015-08-22 17:30:00', '2015-08-22 19:00:00', 0),
(11, 13, '2015-08-23 00:00:00', '2015-08-23 17:30:00', 0),
(11, 9, '2015-08-23 17:30:00', '2015-08-23 19:00:00', 0),
(11, 13, '2015-08-23 17:30:00', '2015-08-23 19:00:00', 0),
(11, 9, '2015-08-24 17:30:00', '2015-08-24 19:00:00', 0),
(19, 35, '2015-07-04 15:00:00', '2015-07-04 17:00:00', 0),
(19, 35, '2015-07-08 17:00:00', '2015-07-08 20:00:00', 0),
(19, 35, '2015-08-30 18:00:00', '2015-08-30 20:00:00', 0),
(20, 46, '2015-07-26 17:00:00', '2015-07-26 20:00:00', 0),
(20, 46, '2015-07-28 17:00:00', '2015-07-28 18:00:00', 0),
(21, 48, '2015-07-04 15:00:00', '2015-07-04 17:00:00', 0),
(21, 48, '2015-07-08 17:00:00', '2015-07-08 20:00:00', 0),
(21, 48, '2015-08-30 18:00:00', '2015-08-30 20:00:00', 0),
(22, 49, '2015-07-04 15:00:00', '2015-07-04 17:00:00', 0),
(22, 49, '2015-07-08 17:00:00', '2015-07-08 20:00:00', 0),
(22, 49, '2015-08-30 18:00:00', '2015-08-30 20:00:00', 0),
(24, 54, '2015-07-04 15:00:00', '2015-07-04 17:00:00', 0),
(24, 54, '2015-07-08 17:00:00', '2015-07-08 20:00:00', 0),
(24, 54, '2015-08-30 18:00:00', '2015-08-30 20:00:00', 0),
(25, 55, '2015-07-04 15:00:00', '2015-07-04 17:00:00', 0),
(25, 55, '2015-07-08 17:00:00', '2015-07-08 20:00:00', 0),
(25, 55, '2015-08-30 18:00:00', '2015-08-30 20:00:00', 0),
(26, 64, '2015-07-04 15:00:00', '2015-07-04 17:00:00', 0),
(26, 64, '2015-07-08 17:00:00', '2015-07-08 20:00:00', 0),
(26, 64, '2015-08-30 18:00:00', '2015-08-30 20:00:00', 0),
(13, 27, '2015-07-23 00:00:00', '2015-07-23 17:30:00', 0),
(13, 29, '2015-07-23 00:00:00', '2015-07-23 17:30:00', 0),
(13, 30, '2015-07-23 00:00:00', '2015-07-23 17:30:00', 0),
(13, 31, '2015-07-23 00:00:00', '2015-07-23 17:30:00', 0),
(13, 33, '2015-07-23 00:00:00', '2015-07-23 17:30:00', 0),
(13, 27, '2015-07-23 17:30:00', '2015-07-23 19:00:00', 0),
(13, 29, '2015-07-23 17:30:00', '2015-07-23 19:00:00', 0),
(13, 30, '2015-07-23 17:30:00', '2015-07-23 19:00:00', 0),
(13, 31, '2015-07-23 17:30:00', '2015-07-23 19:00:00', 0),
(13, 33, '2015-07-23 17:30:00', '2015-07-23 19:00:00', 0),
(13, 28, '2015-07-23 17:30:00', '2015-07-23 19:00:00', 0),
(13, 27, '2015-07-23 19:00:00', '2015-07-23 20:30:00', 0),
(13, 29, '2015-07-23 19:00:00', '2015-07-23 20:30:00', 0),
(13, 30, '2015-07-23 19:00:00', '2015-07-23 20:30:00', 0),
(13, 31, '2015-07-23 19:00:00', '2015-07-23 20:30:00', 0),
(13, 33, '2015-07-23 19:00:00', '2015-07-23 20:30:00', 0),
(13, 28, '2015-07-23 19:00:00', '2015-07-23 20:30:00', 0),
(13, 26, '2015-07-23 19:00:00', '2015-07-23 20:30:00', 0),
(13, 27, '2015-07-23 20:30:00', '2015-07-24 00:00:00', 0),
(13, 29, '2015-07-23 20:30:00', '2015-07-24 00:00:00', 0),
(13, 30, '2015-07-23 20:30:00', '2015-07-24 00:00:00', 0),
(13, 31, '2015-07-23 20:30:00', '2015-07-24 00:00:00', 0),
(13, 33, '2015-07-23 20:30:00', '2015-07-24 00:00:00', 0),
(13, 26, '2015-07-23 20:30:00', '2015-07-24 00:00:00', 0),
(13, 27, '2015-07-24 00:00:00', '2015-07-24 15:00:00', 0),
(13, 29, '2015-07-24 00:00:00', '2015-07-24 15:00:00', 0),
(13, 30, '2015-07-24 00:00:00', '2015-07-24 15:00:00', 0),
(13, 31, '2015-07-24 00:00:00', '2015-07-24 15:00:00', 0),
(13, 33, '2015-07-24 00:00:00', '2015-07-24 15:00:00', 0),
(13, 27, '2015-07-24 15:00:00', '2015-07-24 17:30:00', 0),
(13, 29, '2015-07-24 15:00:00', '2015-07-24 17:30:00', 0),
(13, 30, '2015-07-24 15:00:00', '2015-07-24 17:30:00', 0),
(13, 31, '2015-07-24 15:00:00', '2015-07-24 17:30:00', 0),
(13, 33, '2015-07-24 15:00:00', '2015-07-24 17:30:00', 0),
(13, 22, '2015-07-24 15:00:00', '2015-07-24 17:30:00', 0),
(13, 27, '2015-07-24 17:30:00', '2015-07-24 20:30:00', 0),
(13, 29, '2015-07-24 17:30:00', '2015-07-24 20:30:00', 0),
(13, 30, '2015-07-24 17:30:00', '2015-07-24 20:30:00', 0),
(13, 31, '2015-07-24 17:30:00', '2015-07-24 20:30:00', 0),
(13, 33, '2015-07-24 17:30:00', '2015-07-24 20:30:00', 0),
(13, 28, '2015-07-24 17:30:00', '2015-07-24 20:30:00', 0),
(13, 26, '2015-07-24 17:30:00', '2015-07-24 20:30:00', 0),
(13, 22, '2015-07-24 17:30:00', '2015-07-24 20:30:00', 0),
(13, 27, '2015-07-24 20:30:00', '2015-07-25 00:00:00', 0),
(13, 29, '2015-07-24 20:30:00', '2015-07-25 00:00:00', 0),
(13, 30, '2015-07-24 20:30:00', '2015-07-25 00:00:00', 0),
(13, 31, '2015-07-24 20:30:00', '2015-07-25 00:00:00', 0),
(13, 33, '2015-07-24 20:30:00', '2015-07-25 00:00:00', 0),
(13, 22, '2015-07-24 20:30:00', '2015-07-25 00:00:00', 0),
(13, 27, '2015-07-25 00:00:00', '2015-07-27 00:00:00', 0),
(13, 29, '2015-07-25 00:00:00', '2015-07-27 00:00:00', 0),
(13, 30, '2015-07-25 00:00:00', '2015-07-27 00:00:00', 0),
(13, 31, '2015-07-25 00:00:00', '2015-07-27 00:00:00', 0),
(13, 33, '2015-07-25 00:00:00', '2015-07-27 00:00:00', 0),
(13, 27, '2015-07-27 00:00:00', '2015-07-27 17:30:00', 0),
(13, 29, '2015-07-27 00:00:00', '2015-07-27 17:30:00', 0),
(13, 30, '2015-07-27 00:00:00', '2015-07-27 17:30:00', 0),
(13, 31, '2015-07-27 00:00:00', '2015-07-27 17:30:00', 0),
(13, 33, '2015-07-27 00:00:00', '2015-07-27 17:30:00', 0),
(13, 24, '2015-07-27 00:00:00', '2015-07-27 17:30:00', 0),
(13, 27, '2015-07-27 17:30:00', '2015-07-27 19:00:00', 0),
(13, 29, '2015-07-27 17:30:00', '2015-07-27 19:00:00', 0),
(13, 30, '2015-07-27 17:30:00', '2015-07-27 19:00:00', 0),
(13, 31, '2015-07-27 17:30:00', '2015-07-27 19:00:00', 0),
(13, 33, '2015-07-27 17:30:00', '2015-07-27 19:00:00', 0),
(13, 28, '2015-07-27 17:30:00', '2015-07-27 19:00:00', 0),
(13, 24, '2015-07-27 17:30:00', '2015-07-27 19:00:00', 0),
(13, 27, '2015-07-27 19:00:00', '2015-07-27 20:30:00', 0),
(13, 29, '2015-07-27 19:00:00', '2015-07-27 20:30:00', 0),
(13, 30, '2015-07-27 19:00:00', '2015-07-27 20:30:00', 0),
(13, 31, '2015-07-27 19:00:00', '2015-07-27 20:30:00', 0),
(13, 33, '2015-07-27 19:00:00', '2015-07-27 20:30:00', 0),
(13, 28, '2015-07-27 19:00:00', '2015-07-27 20:30:00', 0),
(13, 26, '2015-07-27 19:00:00', '2015-07-27 20:30:00', 0),
(13, 24, '2015-07-27 19:00:00', '2015-07-27 20:30:00', 0),
(13, 27, '2015-07-27 20:30:00', '2015-07-28 00:00:00', 0),
(13, 29, '2015-07-27 20:30:00', '2015-07-28 00:00:00', 0),
(13, 30, '2015-07-27 20:30:00', '2015-07-28 00:00:00', 0),
(13, 31, '2015-07-27 20:30:00', '2015-07-28 00:00:00', 0),
(13, 33, '2015-07-27 20:30:00', '2015-07-28 00:00:00', 0),
(13, 26, '2015-07-27 20:30:00', '2015-07-28 00:00:00', 0),
(13, 24, '2015-07-27 20:30:00', '2015-07-28 00:00:00', 0),
(13, 27, '2015-07-28 00:00:00', '2015-07-28 17:30:00', 0),
(13, 29, '2015-07-28 00:00:00', '2015-07-28 17:30:00', 0),
(13, 30, '2015-07-28 00:00:00', '2015-07-28 17:30:00', 0),
(13, 31, '2015-07-28 00:00:00', '2015-07-28 17:30:00', 0),
(13, 33, '2015-07-28 00:00:00', '2015-07-28 17:30:00', 0),
(13, 24, '2015-07-28 00:00:00', '2015-07-28 17:30:00', 0),
(13, 27, '2015-07-28 17:30:00', '2015-07-28 19:00:00', 0),
(13, 29, '2015-07-28 17:30:00', '2015-07-28 19:00:00', 0),
(13, 30, '2015-07-28 17:30:00', '2015-07-28 19:00:00', 0),
(13, 31, '2015-07-28 17:30:00', '2015-07-28 19:00:00', 0),
(13, 33, '2015-07-28 17:30:00', '2015-07-28 19:00:00', 0),
(13, 28, '2015-07-28 17:30:00', '2015-07-28 19:00:00', 0),
(13, 24, '2015-07-28 17:30:00', '2015-07-28 19:00:00', 0),
(13, 27, '2015-07-28 19:00:00', '2015-07-28 20:30:00', 0),
(13, 29, '2015-07-28 19:00:00', '2015-07-28 20:30:00', 0),
(13, 30, '2015-07-28 19:00:00', '2015-07-28 20:30:00', 0),
(13, 31, '2015-07-28 19:00:00', '2015-07-28 20:30:00', 0),
(13, 33, '2015-07-28 19:00:00', '2015-07-28 20:30:00', 0),
(13, 28, '2015-07-28 19:00:00', '2015-07-28 20:30:00', 0),
(13, 26, '2015-07-28 19:00:00', '2015-07-28 20:30:00', 0),
(13, 24, '2015-07-28 19:00:00', '2015-07-28 20:30:00', 0),
(13, 27, '2015-07-28 20:30:00', '2015-07-29 00:00:00', 0),
(13, 29, '2015-07-28 20:30:00', '2015-07-29 00:00:00', 0),
(13, 30, '2015-07-28 20:30:00', '2015-07-29 00:00:00', 0),
(13, 31, '2015-07-28 20:30:00', '2015-07-29 00:00:00', 0),
(13, 33, '2015-07-28 20:30:00', '2015-07-29 00:00:00', 0),
(13, 26, '2015-07-28 20:30:00', '2015-07-29 00:00:00', 0),
(13, 24, '2015-07-28 20:30:00', '2015-07-29 00:00:00', 0),
(13, 27, '2015-07-29 00:00:00', '2015-07-29 17:30:00', 0),
(13, 29, '2015-07-29 00:00:00', '2015-07-29 17:30:00', 0),
(13, 30, '2015-07-29 00:00:00', '2015-07-29 17:30:00', 0),
(13, 31, '2015-07-29 00:00:00', '2015-07-29 17:30:00', 0),
(13, 33, '2015-07-29 00:00:00', '2015-07-29 17:30:00', 0),
(13, 24, '2015-07-29 00:00:00', '2015-07-29 17:30:00', 0),
(13, 27, '2015-07-29 17:30:00', '2015-07-29 20:30:00', 0),
(13, 29, '2015-07-29 17:30:00', '2015-07-29 20:30:00', 0),
(13, 30, '2015-07-29 17:30:00', '2015-07-29 20:30:00', 0),
(13, 31, '2015-07-29 17:30:00', '2015-07-29 20:30:00', 0),
(13, 33, '2015-07-29 17:30:00', '2015-07-29 20:30:00', 0),
(13, 26, '2015-07-29 17:30:00', '2015-07-29 20:30:00', 0),
(13, 24, '2015-07-29 17:30:00', '2015-07-29 20:30:00', 0),
(13, 27, '2015-07-29 20:30:00', '2015-07-30 17:30:00', 0),
(13, 29, '2015-07-29 20:30:00', '2015-07-30 17:30:00', 0),
(13, 30, '2015-07-29 20:30:00', '2015-07-30 17:30:00', 0),
(13, 31, '2015-07-29 20:30:00', '2015-07-30 17:30:00', 0),
(13, 33, '2015-07-29 20:30:00', '2015-07-30 17:30:00', 0),
(13, 24, '2015-07-29 20:30:00', '2015-07-30 17:30:00', 0),
(13, 27, '2015-07-30 17:30:00', '2015-07-30 19:00:00', 0),
(13, 29, '2015-07-30 17:30:00', '2015-07-30 19:00:00', 0),
(13, 30, '2015-07-30 17:30:00', '2015-07-30 19:00:00', 0),
(13, 31, '2015-07-30 17:30:00', '2015-07-30 19:00:00', 0),
(13, 33, '2015-07-30 17:30:00', '2015-07-30 19:00:00', 0),
(13, 28, '2015-07-30 17:30:00', '2015-07-30 19:00:00', 0),
(13, 24, '2015-07-30 17:30:00', '2015-07-30 19:00:00', 0),
(13, 27, '2015-07-30 19:00:00', '2015-07-30 20:30:00', 0),
(13, 29, '2015-07-30 19:00:00', '2015-07-30 20:30:00', 0),
(13, 30, '2015-07-30 19:00:00', '2015-07-30 20:30:00', 0),
(13, 31, '2015-07-30 19:00:00', '2015-07-30 20:30:00', 0),
(13, 33, '2015-07-30 19:00:00', '2015-07-30 20:30:00', 0),
(13, 28, '2015-07-30 19:00:00', '2015-07-30 20:30:00', 0),
(13, 26, '2015-07-30 19:00:00', '2015-07-30 20:30:00', 0),
(13, 24, '2015-07-30 19:00:00', '2015-07-30 20:30:00', 0),
(13, 27, '2015-07-30 20:30:00', '2015-07-31 00:00:00', 0),
(13, 29, '2015-07-30 20:30:00', '2015-07-31 00:00:00', 0),
(13, 30, '2015-07-30 20:30:00', '2015-07-31 00:00:00', 0),
(13, 31, '2015-07-30 20:30:00', '2015-07-31 00:00:00', 0),
(13, 33, '2015-07-30 20:30:00', '2015-07-31 00:00:00', 0),
(13, 26, '2015-07-30 20:30:00', '2015-07-31 00:00:00', 0),
(13, 24, '2015-07-30 20:30:00', '2015-07-31 00:00:00', 0),
(13, 27, '2015-07-31 00:00:00', '2015-07-31 15:00:00', 0),
(13, 29, '2015-07-31 00:00:00', '2015-07-31 15:00:00', 0),
(13, 30, '2015-07-31 00:00:00', '2015-07-31 15:00:00', 0),
(13, 31, '2015-07-31 00:00:00', '2015-07-31 15:00:00', 0),
(13, 33, '2015-07-31 00:00:00', '2015-07-31 15:00:00', 0),
(13, 24, '2015-07-31 00:00:00', '2015-07-31 15:00:00', 0),
(13, 27, '2015-07-31 15:00:00', '2015-07-31 17:30:00', 0),
(13, 29, '2015-07-31 15:00:00', '2015-07-31 17:30:00', 0),
(13, 30, '2015-07-31 15:00:00', '2015-07-31 17:30:00', 0),
(13, 31, '2015-07-31 15:00:00', '2015-07-31 17:30:00', 0),
(13, 33, '2015-07-31 15:00:00', '2015-07-31 17:30:00', 0),
(13, 22, '2015-07-31 15:00:00', '2015-07-31 17:30:00', 0),
(13, 24, '2015-07-31 15:00:00', '2015-07-31 17:30:00', 0),
(13, 27, '2015-07-31 17:30:00', '2015-07-31 20:30:00', 0),
(13, 29, '2015-07-31 17:30:00', '2015-07-31 20:30:00', 0),
(13, 30, '2015-07-31 17:30:00', '2015-07-31 20:30:00', 0),
(13, 31, '2015-07-31 17:30:00', '2015-07-31 20:30:00', 0),
(13, 33, '2015-07-31 17:30:00', '2015-07-31 20:30:00', 0),
(13, 28, '2015-07-31 17:30:00', '2015-07-31 20:30:00', 0),
(13, 26, '2015-07-31 17:30:00', '2015-07-31 20:30:00', 0),
(13, 22, '2015-07-31 17:30:00', '2015-07-31 20:30:00', 0),
(13, 24, '2015-07-31 17:30:00', '2015-07-31 20:30:00', 0),
(13, 27, '2015-07-31 20:30:00', '2015-08-01 00:00:00', 0),
(13, 29, '2015-07-31 20:30:00', '2015-08-01 00:00:00', 0),
(13, 30, '2015-07-31 20:30:00', '2015-08-01 00:00:00', 0),
(13, 31, '2015-07-31 20:30:00', '2015-08-01 00:00:00', 0),
(13, 33, '2015-07-31 20:30:00', '2015-08-01 00:00:00', 0),
(13, 22, '2015-07-31 20:30:00', '2015-08-01 00:00:00', 0),
(13, 24, '2015-07-31 20:30:00', '2015-08-01 00:00:00', 0),
(13, 27, '2015-08-01 00:00:00', '2015-08-03 17:30:00', 0),
(13, 29, '2015-08-01 00:00:00', '2015-08-03 17:30:00', 0),
(13, 30, '2015-08-01 00:00:00', '2015-08-03 17:30:00', 0),
(13, 31, '2015-08-01 00:00:00', '2015-08-03 17:30:00', 0),
(13, 33, '2015-08-01 00:00:00', '2015-08-03 17:30:00', 0),
(13, 24, '2015-08-01 00:00:00', '2015-08-03 17:30:00', 0),
(13, 50, '2015-08-01 00:00:00', '2015-08-03 17:30:00', 0),
(13, 27, '2015-08-03 17:30:00', '2015-08-03 19:00:00', 0),
(13, 29, '2015-08-03 17:30:00', '2015-08-03 19:00:00', 0),
(13, 30, '2015-08-03 17:30:00', '2015-08-03 19:00:00', 0),
(13, 31, '2015-08-03 17:30:00', '2015-08-03 19:00:00', 0),
(13, 33, '2015-08-03 17:30:00', '2015-08-03 19:00:00', 0),
(13, 28, '2015-08-03 17:30:00', '2015-08-03 19:00:00', 0),
(13, 24, '2015-08-03 17:30:00', '2015-08-03 19:00:00', 0),
(13, 50, '2015-08-03 17:30:00', '2015-08-03 19:00:00', 0),
(13, 27, '2015-08-03 19:00:00', '2015-08-03 20:30:00', 0),
(13, 29, '2015-08-03 19:00:00', '2015-08-03 20:30:00', 0),
(13, 30, '2015-08-03 19:00:00', '2015-08-03 20:30:00', 0),
(13, 31, '2015-08-03 19:00:00', '2015-08-03 20:30:00', 0),
(13, 33, '2015-08-03 19:00:00', '2015-08-03 20:30:00', 0),
(13, 28, '2015-08-03 19:00:00', '2015-08-03 20:30:00', 0),
(13, 26, '2015-08-03 19:00:00', '2015-08-03 20:30:00', 0),
(13, 24, '2015-08-03 19:00:00', '2015-08-03 20:30:00', 0),
(13, 50, '2015-08-03 19:00:00', '2015-08-03 20:30:00', 0),
(13, 27, '2015-08-03 20:30:00', '2015-08-04 00:00:00', 0),
(13, 29, '2015-08-03 20:30:00', '2015-08-04 00:00:00', 0),
(13, 30, '2015-08-03 20:30:00', '2015-08-04 00:00:00', 0),
(13, 31, '2015-08-03 20:30:00', '2015-08-04 00:00:00', 0),
(13, 33, '2015-08-03 20:30:00', '2015-08-04 00:00:00', 0),
(13, 26, '2015-08-03 20:30:00', '2015-08-04 00:00:00', 0),
(13, 24, '2015-08-03 20:30:00', '2015-08-04 00:00:00', 0),
(13, 50, '2015-08-03 20:30:00', '2015-08-04 00:00:00', 0),
(13, 27, '2015-08-04 00:00:00', '2015-08-04 17:30:00', 0),
(13, 29, '2015-08-04 00:00:00', '2015-08-04 17:30:00', 0),
(13, 30, '2015-08-04 00:00:00', '2015-08-04 17:30:00', 0),
(13, 31, '2015-08-04 00:00:00', '2015-08-04 17:30:00', 0),
(13, 33, '2015-08-04 00:00:00', '2015-08-04 17:30:00', 0),
(13, 24, '2015-08-04 00:00:00', '2015-08-04 17:30:00', 0),
(13, 50, '2015-08-04 00:00:00', '2015-08-04 17:30:00', 0),
(13, 27, '2015-08-04 17:30:00', '2015-08-04 19:00:00', 0),
(13, 29, '2015-08-04 17:30:00', '2015-08-04 19:00:00', 0),
(13, 30, '2015-08-04 17:30:00', '2015-08-04 19:00:00', 0),
(13, 31, '2015-08-04 17:30:00', '2015-08-04 19:00:00', 0),
(13, 33, '2015-08-04 17:30:00', '2015-08-04 19:00:00', 0),
(13, 28, '2015-08-04 17:30:00', '2015-08-04 19:00:00', 0),
(13, 24, '2015-08-04 17:30:00', '2015-08-04 19:00:00', 0),
(13, 50, '2015-08-04 17:30:00', '2015-08-04 19:00:00', 0),
(13, 27, '2015-08-04 19:00:00', '2015-08-04 20:30:00', 0),
(13, 29, '2015-08-04 19:00:00', '2015-08-04 20:30:00', 0),
(13, 30, '2015-08-04 19:00:00', '2015-08-04 20:30:00', 0),
(13, 31, '2015-08-04 19:00:00', '2015-08-04 20:30:00', 0),
(13, 33, '2015-08-04 19:00:00', '2015-08-04 20:30:00', 0),
(13, 28, '2015-08-04 19:00:00', '2015-08-04 20:30:00', 0),
(13, 26, '2015-08-04 19:00:00', '2015-08-04 20:30:00', 0),
(13, 24, '2015-08-04 19:00:00', '2015-08-04 20:30:00', 0),
(13, 50, '2015-08-04 19:00:00', '2015-08-04 20:30:00', 0),
(13, 27, '2015-08-04 20:30:00', '2015-08-05 00:00:00', 0),
(13, 29, '2015-08-04 20:30:00', '2015-08-05 00:00:00', 0),
(13, 30, '2015-08-04 20:30:00', '2015-08-05 00:00:00', 0),
(13, 31, '2015-08-04 20:30:00', '2015-08-05 00:00:00', 0),
(13, 33, '2015-08-04 20:30:00', '2015-08-05 00:00:00', 0),
(13, 26, '2015-08-04 20:30:00', '2015-08-05 00:00:00', 0),
(13, 24, '2015-08-04 20:30:00', '2015-08-05 00:00:00', 0),
(13, 50, '2015-08-04 20:30:00', '2015-08-05 00:00:00', 0),
(13, 27, '2015-08-05 00:00:00', '2015-08-05 17:30:00', 0),
(13, 29, '2015-08-05 00:00:00', '2015-08-05 17:30:00', 0),
(13, 30, '2015-08-05 00:00:00', '2015-08-05 17:30:00', 0),
(13, 31, '2015-08-05 00:00:00', '2015-08-05 17:30:00', 0),
(13, 33, '2015-08-05 00:00:00', '2015-08-05 17:30:00', 0),
(13, 24, '2015-08-05 00:00:00', '2015-08-05 17:30:00', 0),
(13, 50, '2015-08-05 00:00:00', '2015-08-05 17:30:00', 0),
(13, 27, '2015-08-05 17:30:00', '2015-08-05 20:30:00', 0),
(13, 29, '2015-08-05 17:30:00', '2015-08-05 20:30:00', 0),
(13, 30, '2015-08-05 17:30:00', '2015-08-05 20:30:00', 0),
(13, 31, '2015-08-05 17:30:00', '2015-08-05 20:30:00', 0),
(13, 33, '2015-08-05 17:30:00', '2015-08-05 20:30:00', 0),
(13, 26, '2015-08-05 17:30:00', '2015-08-05 20:30:00', 0),
(13, 24, '2015-08-05 17:30:00', '2015-08-05 20:30:00', 0),
(13, 50, '2015-08-05 17:30:00', '2015-08-05 20:30:00', 0),
(13, 27, '2015-08-05 20:30:00', '2015-08-06 17:30:00', 0),
(13, 29, '2015-08-05 20:30:00', '2015-08-06 17:30:00', 0),
(13, 30, '2015-08-05 20:30:00', '2015-08-06 17:30:00', 0),
(13, 31, '2015-08-05 20:30:00', '2015-08-06 17:30:00', 0),
(13, 33, '2015-08-05 20:30:00', '2015-08-06 17:30:00', 0),
(13, 24, '2015-08-05 20:30:00', '2015-08-06 17:30:00', 0),
(13, 50, '2015-08-05 20:30:00', '2015-08-06 17:30:00', 0),
(13, 27, '2015-08-06 17:30:00', '2015-08-06 19:00:00', 0),
(13, 29, '2015-08-06 17:30:00', '2015-08-06 19:00:00', 0),
(13, 30, '2015-08-06 17:30:00', '2015-08-06 19:00:00', 0),
(13, 31, '2015-08-06 17:30:00', '2015-08-06 19:00:00', 0),
(13, 33, '2015-08-06 17:30:00', '2015-08-06 19:00:00', 0),
(13, 28, '2015-08-06 17:30:00', '2015-08-06 19:00:00', 0),
(13, 24, '2015-08-06 17:30:00', '2015-08-06 19:00:00', 0),
(13, 50, '2015-08-06 17:30:00', '2015-08-06 19:00:00', 0),
(13, 27, '2015-08-06 19:00:00', '2015-08-06 20:30:00', 0),
(13, 29, '2015-08-06 19:00:00', '2015-08-06 20:30:00', 0),
(13, 30, '2015-08-06 19:00:00', '2015-08-06 20:30:00', 0),
(13, 31, '2015-08-06 19:00:00', '2015-08-06 20:30:00', 0),
(13, 33, '2015-08-06 19:00:00', '2015-08-06 20:30:00', 0),
(13, 28, '2015-08-06 19:00:00', '2015-08-06 20:30:00', 0),
(13, 26, '2015-08-06 19:00:00', '2015-08-06 20:30:00', 0),
(13, 24, '2015-08-06 19:00:00', '2015-08-06 20:30:00', 0),
(13, 50, '2015-08-06 19:00:00', '2015-08-06 20:30:00', 0),
(13, 27, '2015-08-06 20:30:00', '2015-08-07 00:00:00', 0),
(13, 29, '2015-08-06 20:30:00', '2015-08-07 00:00:00', 0),
(13, 30, '2015-08-06 20:30:00', '2015-08-07 00:00:00', 0),
(13, 31, '2015-08-06 20:30:00', '2015-08-07 00:00:00', 0),
(13, 33, '2015-08-06 20:30:00', '2015-08-07 00:00:00', 0),
(13, 26, '2015-08-06 20:30:00', '2015-08-07 00:00:00', 0),
(13, 24, '2015-08-06 20:30:00', '2015-08-07 00:00:00', 0),
(13, 50, '2015-08-06 20:30:00', '2015-08-07 00:00:00', 0),
(13, 27, '2015-08-07 00:00:00', '2015-08-07 15:00:00', 0),
(13, 29, '2015-08-07 00:00:00', '2015-08-07 15:00:00', 0),
(13, 30, '2015-08-07 00:00:00', '2015-08-07 15:00:00', 0),
(13, 31, '2015-08-07 00:00:00', '2015-08-07 15:00:00', 0),
(13, 33, '2015-08-07 00:00:00', '2015-08-07 15:00:00', 0),
(13, 24, '2015-08-07 00:00:00', '2015-08-07 15:00:00', 0),
(13, 50, '2015-08-07 00:00:00', '2015-08-07 15:00:00', 0),
(13, 27, '2015-08-07 15:00:00', '2015-08-07 17:30:00', 0),
(13, 29, '2015-08-07 15:00:00', '2015-08-07 17:30:00', 0),
(13, 30, '2015-08-07 15:00:00', '2015-08-07 17:30:00', 0),
(13, 31, '2015-08-07 15:00:00', '2015-08-07 17:30:00', 0),
(13, 33, '2015-08-07 15:00:00', '2015-08-07 17:30:00', 0),
(13, 22, '2015-08-07 15:00:00', '2015-08-07 17:30:00', 0),
(13, 24, '2015-08-07 15:00:00', '2015-08-07 17:30:00', 0),
(13, 50, '2015-08-07 15:00:00', '2015-08-07 17:30:00', 0),
(13, 27, '2015-08-07 17:30:00', '2015-08-07 20:30:00', 0),
(13, 29, '2015-08-07 17:30:00', '2015-08-07 20:30:00', 0),
(13, 30, '2015-08-07 17:30:00', '2015-08-07 20:30:00', 0),
(13, 31, '2015-08-07 17:30:00', '2015-08-07 20:30:00', 0),
(13, 33, '2015-08-07 17:30:00', '2015-08-07 20:30:00', 0),
(13, 28, '2015-08-07 17:30:00', '2015-08-07 20:30:00', 0),
(13, 26, '2015-08-07 17:30:00', '2015-08-07 20:30:00', 0),
(13, 22, '2015-08-07 17:30:00', '2015-08-07 20:30:00', 0),
(13, 24, '2015-08-07 17:30:00', '2015-08-07 20:30:00', 0),
(13, 50, '2015-08-07 17:30:00', '2015-08-07 20:30:00', 0),
(13, 27, '2015-08-07 20:30:00', '2015-08-08 00:00:00', 0),
(13, 29, '2015-08-07 20:30:00', '2015-08-08 00:00:00', 0),
(13, 30, '2015-08-07 20:30:00', '2015-08-08 00:00:00', 0),
(13, 31, '2015-08-07 20:30:00', '2015-08-08 00:00:00', 0),
(13, 33, '2015-08-07 20:30:00', '2015-08-08 00:00:00', 0),
(13, 22, '2015-08-07 20:30:00', '2015-08-08 00:00:00', 0),
(13, 24, '2015-08-07 20:30:00', '2015-08-08 00:00:00', 0),
(13, 50, '2015-08-07 20:30:00', '2015-08-08 00:00:00', 0),
(13, 27, '2015-08-08 00:00:00', '2015-08-10 17:30:00', 0),
(13, 29, '2015-08-08 00:00:00', '2015-08-10 17:30:00', 0),
(13, 30, '2015-08-08 00:00:00', '2015-08-10 17:30:00', 0),
(13, 31, '2015-08-08 00:00:00', '2015-08-10 17:30:00', 0),
(13, 33, '2015-08-08 00:00:00', '2015-08-10 17:30:00', 0),
(13, 24, '2015-08-08 00:00:00', '2015-08-10 17:30:00', 0),
(13, 50, '2015-08-08 00:00:00', '2015-08-10 17:30:00', 0),
(13, 27, '2015-08-10 17:30:00', '2015-08-10 19:00:00', 0),
(13, 29, '2015-08-10 17:30:00', '2015-08-10 19:00:00', 0),
(13, 30, '2015-08-10 17:30:00', '2015-08-10 19:00:00', 0),
(13, 31, '2015-08-10 17:30:00', '2015-08-10 19:00:00', 0),
(13, 33, '2015-08-10 17:30:00', '2015-08-10 19:00:00', 0),
(13, 28, '2015-08-10 17:30:00', '2015-08-10 19:00:00', 0),
(13, 24, '2015-08-10 17:30:00', '2015-08-10 19:00:00', 0),
(13, 50, '2015-08-10 17:30:00', '2015-08-10 19:00:00', 0),
(13, 27, '2015-08-10 19:00:00', '2015-08-10 20:30:00', 0),
(13, 29, '2015-08-10 19:00:00', '2015-08-10 20:30:00', 0),
(13, 30, '2015-08-10 19:00:00', '2015-08-10 20:30:00', 0),
(13, 31, '2015-08-10 19:00:00', '2015-08-10 20:30:00', 0),
(13, 33, '2015-08-10 19:00:00', '2015-08-10 20:30:00', 0),
(13, 28, '2015-08-10 19:00:00', '2015-08-10 20:30:00', 0),
(13, 26, '2015-08-10 19:00:00', '2015-08-10 20:30:00', 0),
(13, 24, '2015-08-10 19:00:00', '2015-08-10 20:30:00', 0),
(13, 50, '2015-08-10 19:00:00', '2015-08-10 20:30:00', 0),
(13, 27, '2015-08-10 20:30:00', '2015-08-11 00:00:00', 0),
(13, 29, '2015-08-10 20:30:00', '2015-08-11 00:00:00', 0),
(13, 30, '2015-08-10 20:30:00', '2015-08-11 00:00:00', 0),
(13, 31, '2015-08-10 20:30:00', '2015-08-11 00:00:00', 0),
(13, 33, '2015-08-10 20:30:00', '2015-08-11 00:00:00', 0),
(13, 26, '2015-08-10 20:30:00', '2015-08-11 00:00:00', 0),
(13, 24, '2015-08-10 20:30:00', '2015-08-11 00:00:00', 0),
(13, 50, '2015-08-10 20:30:00', '2015-08-11 00:00:00', 0),
(13, 27, '2015-08-11 00:00:00', '2015-08-11 17:30:00', 0),
(13, 29, '2015-08-11 00:00:00', '2015-08-11 17:30:00', 0),
(13, 30, '2015-08-11 00:00:00', '2015-08-11 17:30:00', 0),
(13, 31, '2015-08-11 00:00:00', '2015-08-11 17:30:00', 0),
(13, 24, '2015-08-11 00:00:00', '2015-08-11 17:30:00', 0),
(13, 50, '2015-08-11 00:00:00', '2015-08-11 17:30:00', 0),
(13, 27, '2015-08-11 17:30:00', '2015-08-11 19:00:00', 0),
(13, 29, '2015-08-11 17:30:00', '2015-08-11 19:00:00', 0),
(13, 30, '2015-08-11 17:30:00', '2015-08-11 19:00:00', 0),
(13, 31, '2015-08-11 17:30:00', '2015-08-11 19:00:00', 0),
(13, 28, '2015-08-11 17:30:00', '2015-08-11 19:00:00', 0),
(13, 24, '2015-08-11 17:30:00', '2015-08-11 19:00:00', 0),
(13, 50, '2015-08-11 17:30:00', '2015-08-11 19:00:00', 0),
(13, 27, '2015-08-11 19:00:00', '2015-08-11 20:30:00', 0),
(13, 29, '2015-08-11 19:00:00', '2015-08-11 20:30:00', 0),
(13, 30, '2015-08-11 19:00:00', '2015-08-11 20:30:00', 0),
(13, 31, '2015-08-11 19:00:00', '2015-08-11 20:30:00', 0),
(13, 28, '2015-08-11 19:00:00', '2015-08-11 20:30:00', 0),
(13, 26, '2015-08-11 19:00:00', '2015-08-11 20:30:00', 0),
(13, 24, '2015-08-11 19:00:00', '2015-08-11 20:30:00', 0),
(13, 50, '2015-08-11 19:00:00', '2015-08-11 20:30:00', 0),
(13, 27, '2015-08-11 20:30:00', '2015-08-12 00:00:00', 0),
(13, 29, '2015-08-11 20:30:00', '2015-08-12 00:00:00', 0),
(13, 30, '2015-08-11 20:30:00', '2015-08-12 00:00:00', 0),
(13, 31, '2015-08-11 20:30:00', '2015-08-12 00:00:00', 0),
(13, 26, '2015-08-11 20:30:00', '2015-08-12 00:00:00', 0),
(13, 24, '2015-08-11 20:30:00', '2015-08-12 00:00:00', 0),
(13, 50, '2015-08-11 20:30:00', '2015-08-12 00:00:00', 0),
(13, 27, '2015-08-12 00:00:00', '2015-08-12 17:30:00', 0),
(13, 29, '2015-08-12 00:00:00', '2015-08-12 17:30:00', 0),
(13, 30, '2015-08-12 00:00:00', '2015-08-12 17:30:00', 0),
(13, 31, '2015-08-12 00:00:00', '2015-08-12 17:30:00', 0),
(13, 24, '2015-08-12 00:00:00', '2015-08-12 17:30:00', 0),
(13, 50, '2015-08-12 00:00:00', '2015-08-12 17:30:00', 0),
(13, 27, '2015-08-12 17:30:00', '2015-08-12 20:30:00', 0),
(13, 29, '2015-08-12 17:30:00', '2015-08-12 20:30:00', 0),
(13, 30, '2015-08-12 17:30:00', '2015-08-12 20:30:00', 0),
(13, 31, '2015-08-12 17:30:00', '2015-08-12 20:30:00', 0),
(13, 26, '2015-08-12 17:30:00', '2015-08-12 20:30:00', 0),
(13, 24, '2015-08-12 17:30:00', '2015-08-12 20:30:00', 0),
(13, 50, '2015-08-12 17:30:00', '2015-08-12 20:30:00', 0),
(13, 27, '2015-08-12 20:30:00', '2015-08-13 17:30:00', 0),
(13, 29, '2015-08-12 20:30:00', '2015-08-13 17:30:00', 0),
(13, 30, '2015-08-12 20:30:00', '2015-08-13 17:30:00', 0),
(13, 31, '2015-08-12 20:30:00', '2015-08-13 17:30:00', 0),
(13, 24, '2015-08-12 20:30:00', '2015-08-13 17:30:00', 0),
(13, 50, '2015-08-12 20:30:00', '2015-08-13 17:30:00', 0),
(13, 27, '2015-08-13 17:30:00', '2015-08-13 19:00:00', 0),
(13, 29, '2015-08-13 17:30:00', '2015-08-13 19:00:00', 0),
(13, 30, '2015-08-13 17:30:00', '2015-08-13 19:00:00', 0),
(13, 31, '2015-08-13 17:30:00', '2015-08-13 19:00:00', 0),
(13, 28, '2015-08-13 17:30:00', '2015-08-13 19:00:00', 0),
(13, 24, '2015-08-13 17:30:00', '2015-08-13 19:00:00', 0),
(13, 50, '2015-08-13 17:30:00', '2015-08-13 19:00:00', 0),
(13, 27, '2015-08-13 19:00:00', '2015-08-13 20:30:00', 0),
(13, 29, '2015-08-13 19:00:00', '2015-08-13 20:30:00', 0),
(13, 30, '2015-08-13 19:00:00', '2015-08-13 20:30:00', 0),
(13, 31, '2015-08-13 19:00:00', '2015-08-13 20:30:00', 0),
(13, 28, '2015-08-13 19:00:00', '2015-08-13 20:30:00', 0),
(13, 26, '2015-08-13 19:00:00', '2015-08-13 20:30:00', 0),
(13, 24, '2015-08-13 19:00:00', '2015-08-13 20:30:00', 0),
(13, 50, '2015-08-13 19:00:00', '2015-08-13 20:30:00', 0),
(13, 27, '2015-08-13 20:30:00', '2015-08-14 00:00:00', 0),
(13, 29, '2015-08-13 20:30:00', '2015-08-14 00:00:00', 0),
(13, 30, '2015-08-13 20:30:00', '2015-08-14 00:00:00', 0),
(13, 31, '2015-08-13 20:30:00', '2015-08-14 00:00:00', 0),
(13, 26, '2015-08-13 20:30:00', '2015-08-14 00:00:00', 0),
(13, 24, '2015-08-13 20:30:00', '2015-08-14 00:00:00', 0),
(13, 50, '2015-08-13 20:30:00', '2015-08-14 00:00:00', 0),
(13, 27, '2015-08-14 00:00:00', '2015-08-14 15:00:00', 0),
(13, 29, '2015-08-14 00:00:00', '2015-08-14 15:00:00', 0),
(13, 30, '2015-08-14 00:00:00', '2015-08-14 15:00:00', 0),
(13, 31, '2015-08-14 00:00:00', '2015-08-14 15:00:00', 0),
(13, 24, '2015-08-14 00:00:00', '2015-08-14 15:00:00', 0),
(13, 50, '2015-08-14 00:00:00', '2015-08-14 15:00:00', 0),
(13, 27, '2015-08-14 15:00:00', '2015-08-14 17:30:00', 0),
(13, 29, '2015-08-14 15:00:00', '2015-08-14 17:30:00', 0),
(13, 30, '2015-08-14 15:00:00', '2015-08-14 17:30:00', 0),
(13, 31, '2015-08-14 15:00:00', '2015-08-14 17:30:00', 0),
(13, 22, '2015-08-14 15:00:00', '2015-08-14 17:30:00', 0),
(13, 24, '2015-08-14 15:00:00', '2015-08-14 17:30:00', 0),
(13, 50, '2015-08-14 15:00:00', '2015-08-14 17:30:00', 0),
(13, 27, '2015-08-14 17:30:00', '2015-08-14 20:30:00', 0),
(13, 29, '2015-08-14 17:30:00', '2015-08-14 20:30:00', 0),
(13, 30, '2015-08-14 17:30:00', '2015-08-14 20:30:00', 0),
(13, 31, '2015-08-14 17:30:00', '2015-08-14 20:30:00', 0),
(13, 28, '2015-08-14 17:30:00', '2015-08-14 20:30:00', 0),
(13, 26, '2015-08-14 17:30:00', '2015-08-14 20:30:00', 0),
(13, 22, '2015-08-14 17:30:00', '2015-08-14 20:30:00', 0),
(13, 24, '2015-08-14 17:30:00', '2015-08-14 20:30:00', 0),
(13, 50, '2015-08-14 17:30:00', '2015-08-14 20:30:00', 0),
(13, 27, '2015-08-14 20:30:00', '2015-08-15 00:00:00', 0),
(13, 29, '2015-08-14 20:30:00', '2015-08-15 00:00:00', 0),
(13, 30, '2015-08-14 20:30:00', '2015-08-15 00:00:00', 0),
(13, 31, '2015-08-14 20:30:00', '2015-08-15 00:00:00', 0),
(13, 22, '2015-08-14 20:30:00', '2015-08-15 00:00:00', 0),
(13, 24, '2015-08-14 20:30:00', '2015-08-15 00:00:00', 0),
(13, 50, '2015-08-14 20:30:00', '2015-08-15 00:00:00', 0),
(13, 29, '2015-08-15 00:00:00', '2015-08-17 00:00:00', 0),
(13, 30, '2015-08-15 00:00:00', '2015-08-17 00:00:00', 0),
(13, 31, '2015-08-15 00:00:00', '2015-08-17 00:00:00', 0),
(12, 14, '2015-08-01 00:00:00', '2015-08-03 00:00:00', 0),
(12, 15, '2015-08-01 00:00:00', '2015-08-03 00:00:00', 0),
(12, 18, '2015-08-01 00:00:00', '2015-08-03 00:00:00', 0),
(12, 19, '2015-08-01 00:00:00', '2015-08-03 00:00:00', 0),
(12, 20, '2015-08-01 00:00:00', '2015-08-03 00:00:00', 0),
(12, 21, '2015-08-01 00:00:00', '2015-08-03 00:00:00', 0),
(12, 44, '2015-08-01 00:00:00', '2015-08-03 00:00:00', 0),
(12, 14, '2015-08-03 00:00:00', '2015-08-08 00:00:00', 0),
(12, 15, '2015-08-03 00:00:00', '2015-08-08 00:00:00', 0),
(12, 18, '2015-08-03 00:00:00', '2015-08-08 00:00:00', 0),
(12, 20, '2015-08-03 00:00:00', '2015-08-08 00:00:00', 0),
(12, 21, '2015-08-03 00:00:00', '2015-08-08 00:00:00', 0),
(12, 44, '2015-08-03 00:00:00', '2015-08-08 00:00:00', 0),
(12, 14, '2015-08-08 00:00:00', '2015-08-10 00:00:00', 0),
(12, 15, '2015-08-08 00:00:00', '2015-08-10 00:00:00', 0),
(12, 18, '2015-08-08 00:00:00', '2015-08-10 00:00:00', 0),
(12, 19, '2015-08-08 00:00:00', '2015-08-10 00:00:00', 0),
(12, 21, '2015-08-08 00:00:00', '2015-08-10 00:00:00', 0),
(12, 44, '2015-08-08 00:00:00', '2015-08-10 00:00:00', 0),
(12, 14, '2015-08-10 00:00:00', '2015-08-11 00:00:00', 0),
(12, 15, '2015-08-10 00:00:00', '2015-08-11 00:00:00', 0),
(12, 18, '2015-08-10 00:00:00', '2015-08-11 00:00:00', 0),
(12, 21, '2015-08-10 00:00:00', '2015-08-11 00:00:00', 0),
(12, 44, '2015-08-10 00:00:00', '2015-08-11 00:00:00', 0),
(12, 16, '2015-08-10 00:00:00', '2015-08-11 00:00:00', 0),
(12, 17, '2015-08-10 00:00:00', '2015-08-11 00:00:00', 0),
(12, 14, '2015-08-11 00:00:00', '2015-08-14 00:00:00', 0),
(12, 15, '2015-08-11 00:00:00', '2015-08-14 00:00:00', 0),
(12, 21, '2015-08-11 00:00:00', '2015-08-14 00:00:00', 0),
(12, 44, '2015-08-11 00:00:00', '2015-08-14 00:00:00', 0),
(12, 16, '2015-08-11 00:00:00', '2015-08-14 00:00:00', 0),
(12, 17, '2015-08-11 00:00:00', '2015-08-14 00:00:00', 0),
(12, 14, '2015-08-14 00:00:00', '2015-08-15 00:00:00', 0),
(12, 15, '2015-08-14 00:00:00', '2015-08-15 00:00:00', 0),
(12, 21, '2015-08-14 00:00:00', '2015-08-15 00:00:00', 0),
(12, 44, '2015-08-14 00:00:00', '2015-08-15 00:00:00', 0),
(12, 17, '2015-08-14 00:00:00', '2015-08-15 00:00:00', 0),
(12, 14, '2015-08-15 00:00:00', '2015-08-17 00:00:00', 0),
(12, 15, '2015-08-15 00:00:00', '2015-08-17 00:00:00', 0),
(12, 19, '2015-08-15 00:00:00', '2015-08-17 00:00:00', 0),
(12, 21, '2015-08-15 00:00:00', '2015-08-17 00:00:00', 0),
(12, 44, '2015-08-15 00:00:00', '2015-08-17 00:00:00', 0),
(12, 17, '2015-08-15 00:00:00', '2015-08-17 00:00:00', 0),
(12, 14, '2015-08-17 00:00:00', '2015-08-22 00:00:00', 0),
(12, 15, '2015-08-17 00:00:00', '2015-08-22 00:00:00', 0),
(12, 21, '2015-08-17 00:00:00', '2015-08-22 00:00:00', 0),
(12, 44, '2015-08-17 00:00:00', '2015-08-22 00:00:00', 0),
(12, 17, '2015-08-17 00:00:00', '2015-08-22 00:00:00', 0),
(12, 14, '2015-08-22 00:00:00', '2015-08-24 00:00:00', 0),
(12, 15, '2015-08-22 00:00:00', '2015-08-24 00:00:00', 0),
(12, 19, '2015-08-22 00:00:00', '2015-08-24 00:00:00', 0),
(12, 21, '2015-08-22 00:00:00', '2015-08-24 00:00:00', 0),
(12, 44, '2015-08-22 00:00:00', '2015-08-24 00:00:00', 0),
(12, 17, '2015-08-22 00:00:00', '2015-08-24 00:00:00', 0),
(12, 14, '2015-08-24 00:00:00', '2015-08-28 00:00:00', 0),
(12, 21, '2015-08-24 00:00:00', '2015-08-28 00:00:00', 0),
(12, 44, '2015-08-24 00:00:00', '2015-08-28 00:00:00', 0),
(12, 14, '2015-08-28 00:00:00', '2015-08-29 00:00:00', 0),
(12, 21, '2015-08-28 00:00:00', '2015-08-29 00:00:00', 0),
(12, 19, '2015-08-29 00:00:00', '2015-08-31 00:00:00', 0),
(12, 21, '2015-08-29 00:00:00', '2015-08-31 00:00:00', 0),
(12, 21, '2015-08-31 00:00:00', '2015-09-01 00:00:00', 0),
(23, 51, '2015-07-08 00:00:00', '2015-07-15 00:00:00', 0),
(23, 51, '2015-07-15 00:00:00', '2015-07-20 00:00:00', 0),
(23, 53, '2015-07-15 00:00:00', '2015-07-20 00:00:00', 0),
(23, 51, '2015-07-20 00:00:00', '2015-07-28 00:00:00', 0),
(23, 51, '2015-07-28 00:00:00', '2015-07-31 00:00:00', 0),
(23, 67, '2015-07-28 00:00:00', '2015-07-31 00:00:00', 0),
(23, 51, '2015-07-31 00:00:00', '2015-08-01 00:00:00', 0);

-- --------------------------------------------------------

--
-- Table structure for table `invites`
--

CREATE TABLE IF NOT EXISTS `invites` (
  `event_id` int(11) NOT NULL,
  `account_id` int(11) NOT NULL,
  `hash` varchar(255) NOT NULL,
  `email` varchar(255) NOT NULL,
  `completed` tinyint(1) NOT NULL
) ENGINE=InnoDB DEFAULT CHARSET=latin1;

--
-- Dumping data for table `invites`
--

INSERT INTO `invites` (`event_id`, `account_id`, `hash`, `email`, `completed`) VALUES
(25, 0, 'bcb39c48336a11e5', 'raphc@mit.edu', 56),
(26, 6, '', 'raphaelchang1227@gmail.com', 66),
(23, 7, '', 'raphc@mit.edu', 67);

-- --------------------------------------------------------

--
-- Table structure for table `schedules`
--

CREATE TABLE IF NOT EXISTS `schedules` (
  `id` int(11) NOT NULL AUTO_INCREMENT,
  `user_id` int(11) NOT NULL,
  `event_id` int(11) NOT NULL,
  `range_start` datetime NOT NULL,
  `range_end` datetime NOT NULL,
  `maybe` tinyint(1) NOT NULL,
  PRIMARY KEY (`id`)
) ENGINE=InnoDB  DEFAULT CHARSET=latin1 AUTO_INCREMENT=237 ;

--
-- Dumping data for table `schedules`
--

INSERT INTO `schedules` (`id`, `user_id`, `event_id`, `range_start`, `range_end`, `maybe`) VALUES
(1, 7, 11, '2015-07-24 17:30:00', '2015-07-24 20:30:00', 0),
(2, 7, 11, '2015-07-27 17:30:00', '2015-07-27 20:30:00', 0),
(3, 7, 11, '2015-07-31 17:30:00', '2015-07-31 20:30:00', 0),
(4, 7, 11, '2015-08-03 17:30:00', '2015-08-03 20:30:00', 0),
(5, 7, 11, '2015-08-07 17:30:00', '2015-08-07 20:30:00', 0),
(6, 7, 11, '2015-08-10 17:30:00', '2015-08-10 20:30:00', 0),
(7, 7, 11, '2015-08-14 17:30:00', '2015-08-14 20:30:00', 0),
(8, 8, 11, '2015-07-29 00:00:00', '2015-08-15 00:00:00', 0),
(9, 9, 11, '2015-07-24 17:30:00', '2015-07-24 19:00:00', 0),
(10, 9, 11, '2015-07-25 17:30:00', '2015-07-25 19:00:00', 0),
(11, 9, 11, '2015-07-26 17:30:00', '2015-07-26 19:00:00', 0),
(12, 9, 11, '2015-07-27 17:30:00', '2015-07-27 19:00:00', 0),
(13, 9, 11, '2015-07-28 17:30:00', '2015-07-28 19:00:00', 0),
(14, 9, 11, '2015-07-29 17:30:00', '2015-07-29 19:00:00', 0),
(15, 9, 11, '2015-07-30 17:30:00', '2015-07-30 19:00:00', 0),
(16, 9, 11, '2015-07-31 17:30:00', '2015-07-31 19:00:00', 0),
(17, 9, 11, '2015-08-01 17:30:00', '2015-08-01 19:00:00', 0),
(18, 9, 11, '2015-08-02 17:30:00', '2015-08-02 19:00:00', 0),
(19, 9, 11, '2015-08-03 17:30:00', '2015-08-03 19:00:00', 0),
(20, 9, 11, '2015-08-04 17:30:00', '2015-08-04 19:00:00', 0),
(21, 9, 11, '2015-08-05 17:30:00', '2015-08-05 19:00:00', 0),
(22, 9, 11, '2015-08-06 17:30:00', '2015-08-06 19:00:00', 0),
(23, 9, 11, '2015-08-07 17:30:00', '2015-08-07 19:00:00', 0),
(24, 9, 11, '2015-08-08 17:30:00', '2015-08-08 19:00:00', 0),
(25, 9, 11, '2015-08-09 17:30:00', '2015-08-09 19:00:00', 0),
(26, 9, 11, '2015-08-10 17:30:00', '2015-08-10 19:00:00', 0),
(27, 9, 11, '2015-08-11 17:30:00', '2015-08-11 19:00:00', 0),
(28, 9, 11, '2015-08-12 17:30:00', '2015-08-12 19:00:00', 0),
(29, 9, 11, '2015-08-13 17:30:00', '2015-08-13 19:00:00', 0),
(30, 9, 11, '2015-08-14 17:30:00', '2015-08-14 19:00:00', 0),
(31, 9, 11, '2015-08-15 17:30:00', '2015-08-15 19:00:00', 0),
(32, 9, 11, '2015-08-16 17:30:00', '2015-08-16 19:00:00', 0),
(33, 9, 11, '2015-08-17 17:30:00', '2015-08-17 19:00:00', 0),
(34, 9, 11, '2015-08-18 17:30:00', '2015-08-18 19:00:00', 0),
(35, 9, 11, '2015-08-19 17:30:00', '2015-08-19 19:00:00', 0),
(36, 9, 11, '2015-08-20 17:30:00', '2015-08-20 19:00:00', 0),
(37, 9, 11, '2015-08-21 17:30:00', '2015-08-21 19:00:00', 0),
(38, 9, 11, '2015-08-22 17:30:00', '2015-08-22 19:00:00', 0),
(39, 9, 11, '2015-08-23 17:30:00', '2015-08-23 19:00:00', 0),
(40, 9, 11, '2015-08-24 17:30:00', '2015-08-24 19:00:00', 0),
(51, 13, 11, '2015-07-25 00:00:00', '2015-07-25 19:00:00', 0),
(52, 13, 11, '2015-07-26 00:00:00', '2015-07-26 19:00:00', 0),
(53, 13, 11, '2015-08-01 00:00:00', '2015-08-01 19:00:00', 0),
(54, 13, 11, '2015-08-02 00:00:00', '2015-08-02 19:00:00', 0),
(55, 13, 11, '2015-08-08 00:00:00', '2015-08-08 19:00:00', 0),
(56, 13, 11, '2015-08-09 00:00:00', '2015-08-09 19:00:00', 0),
(57, 13, 11, '2015-08-15 00:00:00', '2015-08-15 19:00:00', 0),
(58, 13, 11, '2015-08-16 00:00:00', '2015-08-16 19:00:00', 0),
(59, 13, 11, '2015-08-22 00:00:00', '2015-08-22 19:00:00', 0),
(60, 13, 11, '2015-08-23 00:00:00', '2015-08-23 19:00:00', 0),
(61, 14, 12, '2015-08-01 00:00:00', '2015-08-29 00:00:00', 0),
(62, 15, 12, '2015-08-01 00:00:00', '2015-08-24 00:00:00', 0),
(63, 16, 12, '2015-08-10 00:00:00', '2015-08-14 00:00:00', 0),
(64, 17, 12, '2015-08-10 00:00:00', '2015-08-24 00:00:00', 0),
(65, 18, 12, '2015-08-01 00:00:00', '2015-08-11 00:00:00', 0),
(66, 19, 12, '2015-08-01 00:00:00', '2015-08-03 00:00:00', 0),
(67, 19, 12, '2015-08-08 00:00:00', '2015-08-10 00:00:00', 0),
(68, 19, 12, '2015-08-15 00:00:00', '2015-08-17 00:00:00', 0),
(69, 19, 12, '2015-08-22 00:00:00', '2015-08-24 00:00:00', 0),
(70, 19, 12, '2015-08-29 00:00:00', '2015-08-31 00:00:00', 0),
(71, 20, 12, '2015-08-01 00:00:00', '2015-08-08 00:00:00', 0),
(72, 21, 12, '2015-08-01 00:00:00', '2015-09-01 00:00:00', 0),
(73, 22, 13, '2015-07-24 15:00:00', '2015-07-25 00:00:00', 0),
(74, 22, 13, '2015-07-31 15:00:00', '2015-08-01 00:00:00', 0),
(75, 22, 13, '2015-08-07 15:00:00', '2015-08-08 00:00:00', 0),
(76, 22, 13, '2015-08-14 15:00:00', '2015-08-15 00:00:00', 0),
(77, 24, 13, '2015-07-27 00:00:00', '2015-08-15 00:00:00', 0),
(95, 26, 13, '2015-07-23 19:00:00', '2015-07-24 00:00:00', 0),
(96, 26, 13, '2015-07-24 17:30:00', '2015-07-24 20:30:00', 0),
(97, 26, 13, '2015-07-27 19:00:00', '2015-07-28 00:00:00', 0),
(98, 26, 13, '2015-07-28 19:00:00', '2015-07-29 00:00:00', 0),
(99, 26, 13, '2015-07-29 17:30:00', '2015-07-29 20:30:00', 0),
(100, 26, 13, '2015-07-30 19:00:00', '2015-07-31 00:00:00', 0),
(101, 26, 13, '2015-07-31 17:30:00', '2015-07-31 20:30:00', 0),
(102, 26, 13, '2015-08-03 19:00:00', '2015-08-04 00:00:00', 0),
(103, 26, 13, '2015-08-04 19:00:00', '2015-08-05 00:00:00', 0),
(104, 26, 13, '2015-08-05 17:30:00', '2015-08-05 20:30:00', 0),
(105, 26, 13, '2015-08-06 19:00:00', '2015-08-07 00:00:00', 0),
(106, 26, 13, '2015-08-07 17:30:00', '2015-08-07 20:30:00', 0),
(107, 26, 13, '2015-08-10 19:00:00', '2015-08-11 00:00:00', 0),
(108, 26, 13, '2015-08-11 19:00:00', '2015-08-12 00:00:00', 0),
(109, 26, 13, '2015-08-12 17:30:00', '2015-08-12 20:30:00', 0),
(110, 26, 13, '2015-08-13 19:00:00', '2015-08-14 00:00:00', 0),
(111, 26, 13, '2015-08-14 17:30:00', '2015-08-14 20:30:00', 0),
(112, 27, 13, '2015-07-23 00:00:00', '2015-08-15 00:00:00', 0),
(113, 28, 13, '2015-07-23 17:30:00', '2015-07-23 20:30:00', 0),
(114, 28, 13, '2015-07-24 17:30:00', '2015-07-24 20:30:00', 0),
(115, 28, 13, '2015-07-27 17:30:00', '2015-07-27 20:30:00', 0),
(116, 28, 13, '2015-07-28 17:30:00', '2015-07-28 20:30:00', 0),
(117, 28, 13, '2015-07-30 17:30:00', '2015-07-30 20:30:00', 0),
(118, 28, 13, '2015-07-31 17:30:00', '2015-07-31 20:30:00', 0),
(119, 28, 13, '2015-08-03 17:30:00', '2015-08-03 20:30:00', 0),
(120, 28, 13, '2015-08-04 17:30:00', '2015-08-04 20:30:00', 0),
(121, 28, 13, '2015-08-06 17:30:00', '2015-08-06 20:30:00', 0),
(122, 28, 13, '2015-08-07 17:30:00', '2015-08-07 20:30:00', 0),
(123, 28, 13, '2015-08-10 17:30:00', '2015-08-10 20:30:00', 0),
(124, 28, 13, '2015-08-11 17:30:00', '2015-08-11 20:30:00', 0),
(125, 28, 13, '2015-08-13 17:30:00', '2015-08-13 20:30:00', 0),
(126, 28, 13, '2015-08-14 17:30:00', '2015-08-14 20:30:00', 0),
(127, 29, 13, '2015-07-23 00:00:00', '2015-08-17 00:00:00', 0),
(128, 30, 13, '2015-07-23 00:00:00', '2015-08-17 00:00:00', 0),
(129, 31, 13, '2015-07-23 00:00:00', '2015-08-17 00:00:00', 0),
(130, 33, 13, '2015-07-23 00:00:00', '2015-08-11 00:00:00', 0),
(134, 35, 19, '2015-07-04 15:00:00', '2015-07-04 17:00:00', 0),
(135, 35, 19, '2015-07-08 17:00:00', '2015-07-08 20:00:00', 0),
(136, 35, 19, '2015-08-30 18:00:00', '2015-08-30 20:00:00', 0),
(144, 46, 20, '2015-07-26 17:00:00', '2015-07-26 20:00:00', 0),
(145, 46, 20, '2015-07-28 17:00:00', '2015-07-28 18:00:00', 0),
(149, 49, 22, '2015-07-04 15:00:00', '2015-07-04 17:00:00', 0),
(150, 49, 22, '2015-07-08 17:00:00', '2015-07-08 20:00:00', 0),
(151, 49, 22, '2015-08-30 18:00:00', '2015-08-30 20:00:00', 0),
(154, 51, 23, '2015-07-08 00:00:00', '2015-08-01 00:00:00', 0),
(167, 53, 23, '2015-07-15 00:00:00', '2015-07-20 00:00:00', 0),
(168, 54, 24, '2015-07-04 15:00:00', '2015-07-04 17:00:00', 0),
(169, 54, 24, '2015-07-08 17:00:00', '2015-07-08 20:00:00', 0),
(170, 54, 24, '2015-08-30 18:00:00', '2015-08-30 20:00:00', 0),
(171, 55, 25, '2015-07-04 15:00:00', '2015-07-04 17:00:00', 0),
(172, 55, 25, '2015-07-08 17:00:00', '2015-07-08 20:00:00', 0),
(173, 55, 25, '2015-08-30 18:00:00', '2015-08-30 20:00:00', 0),
(174, 64, 26, '2015-07-04 15:00:00', '2015-07-04 17:00:00', 0),
(175, 64, 26, '2015-07-08 17:00:00', '2015-07-08 20:00:00', 0),
(176, 64, 26, '2015-08-30 18:00:00', '2015-08-30 20:00:00', 0),
(177, 50, 13, '2015-08-01 00:00:00', '2015-08-15 00:00:00', 0),
(178, 44, 12, '2015-08-01 00:00:00', '2015-08-28 00:00:00', 0),
(236, 67, 23, '2015-07-28 00:00:00', '2015-07-31 00:00:00', 0);

-- --------------------------------------------------------

--
-- Table structure for table `sessions`
--

CREATE TABLE IF NOT EXISTS `sessions` (
  `id` int(11) NOT NULL AUTO_INCREMENT,
  `ip` varchar(255) NOT NULL,
  `session` varchar(255) NOT NULL,
  `user_id` int(11) NOT NULL,
  PRIMARY KEY (`id`)
) ENGINE=InnoDB  DEFAULT CHARSET=latin1 AUTO_INCREMENT=26 ;

--
-- Dumping data for table `sessions`
--

INSERT INTO `sessions` (`id`, `ip`, `session`, `user_id`) VALUES
(25, '127.0.0.1', '$2a$08$21gbOnYWdAG0mKvbSjVmH.YaEbgglKqJr6P7UHVyD0OLUb/672uZW', 6);

-- --------------------------------------------------------

--
-- Table structure for table `users`
--

CREATE TABLE IF NOT EXISTS `users` (
  `id` int(11) NOT NULL AUTO_INCREMENT,
  `event_id` int(11) NOT NULL,
  `name` varchar(255) NOT NULL,
  `account` int(11) NOT NULL DEFAULT '0',
  `entry` longtext NOT NULL,
  PRIMARY KEY (`id`)
) ENGINE=InnoDB  DEFAULT CHARSET=latin1 AUTO_INCREMENT=68 ;

--
-- Dumping data for table `users`
--

INSERT INTO `users` (`id`, `event_id`, `name`, `account`, `entry`) VALUES
(7, 11, 'Raphael', 0, ''),
(8, 11, 'Raphael2', 0, ''),
(9, 11, 'Raphael3', 0, ''),
(13, 11, 'Raphael4', 0, ''),
(14, 12, 'Raphael', 0, ''),
(15, 12, 'Anurag', 0, ''),
(16, 12, 'Miles', 0, ''),
(17, 12, 'Eric', 0, ''),
(18, 12, 'Megan', 0, ''),
(19, 12, 'Brian', 0, ''),
(20, 12, 'Brent', 0, ''),
(21, 12, 'Eva', 0, ''),
(22, 13, 'Joshua Yuan', 0, ''),
(24, 13, 'Megan Lau', 0, ''),
(26, 13, 'Shikhar Jagadeesh', 0, ''),
(27, 13, 'Mr. G', 0, ''),
(28, 13, 'Nikita Seth', 0, ''),
(29, 13, 'Rahul Iyer', 0, ''),
(30, 13, 'Raphael Chang', 0, ''),
(31, 13, 'Amrita Iyer', 0, ''),
(32, 13, 'Manoj Vasishta', 0, ''),
(33, 13, 'Brent Yi', 0, ''),
(35, 19, 'Raphael', 0, ''),
(39, 19, 'Bob', 0, ''),
(40, 19, 'John', 0, ''),
(41, 19, '', 6, ''),
(44, 12, '', 6, '8/1-8/27'),
(45, 19, 'Jill', 0, ''),
(46, 20, '', 6, ''),
(47, 20, 'Joe', 0, ''),
(49, 22, '', 6, '7/4, 3-5 PM, 7/8, 5-8 PM, 8/30, 6-8 PM'),
(50, 13, '', 6, '8/1-8/14'),
(51, 23, '', 6, '1/1-12/31'),
(53, 23, 'Jack', 0, '7/15-7/19'),
(55, 25, '', 6, '7/4, 3-5 PM, 7/8, 5-8 PM, 8/30, 6-8 PM'),
(56, 25, 'Bobby', 0, ''),
(64, 26, '', 7, '7/4, 3-5 PM, 7/8, 5-8 PM, 8/30, 6-8 PM'),
(66, 26, '', 6, ''),
(67, 23, '', 7, '7/28-7/30');

-- --------------------------------------------------------

--
-- Table structure for table `votes`
--

CREATE TABLE IF NOT EXISTS `votes` (
  `interval_id` int(11) NOT NULL,
  `user_id` int(11) NOT NULL,
  `value` int(11) NOT NULL
) ENGINE=InnoDB DEFAULT CHARSET=latin1;

--
-- Dumping data for table `votes`
--

INSERT INTO `votes` (`interval_id`, `user_id`, `value`) VALUES
(134, 39, 2),
(135, 39, 1),
(136, 39, 0),
(134, 40, 0),
(135, 40, 2),
(136, 40, 0),
(134, 41, 1),
(135, 41, 2),
(136, 41, 0),
(134, 45, 1),
(135, 45, 1),
(136, 45, 1),
(144, 47, 2),
(145, 47, 1),
(171, 56, 2),
(172, 56, 1),
(173, 56, 0),
(174, 66, 2),
(175, 66, 1),
(176, 66, 0);

/*!40101 SET CHARACTER_SET_CLIENT=@OLD_CHARACTER_SET_CLIENT */;
/*!40101 SET CHARACTER_SET_RESULTS=@OLD_CHARACTER_SET_RESULTS */;
/*!40101 SET COLLATION_CONNECTION=@OLD_COLLATION_CONNECTION */;
